{
  "!comment!":"This file was auto-generated by `mix phx.digest`. Remove it and all generated artefacts with `mix phx.digest.clean --all`",
  "version":1,
  "latest":{"assets/app.css":"assets/app-d510070738e4517d6cf45b54e914e6c3.css","assets/app.js":"assets/app-ba5c2fb96fbeb4e75e866fc3e2ffcefe.js","favicon.ico":"favicon-a8ca4e3a2bb8fea46a9ee9e102e7d3eb.ico","images/logo.svg":"images/logo-06a11be1f2cdde2c851763d00bdd2e80.svg","images/welcome.png":"images/welcome-ac08f8b9312a58f9dbf63dc9c4272179.png","robots.txt":"robots-9e2c81b0855bbff2baa8371bc4a78186.txt"},
  "digests":{"assets/app-080c2cdfae523c1be6209b16bd824038.css":{"digest":"080c2cdfae523c1be6209b16bd824038","logical_path":"assets/app.css","mtime":63863018317,"sha512":"ciqUQhSw3fHPnE6i0AGN/B5bxhBCiYoos0OHCebEclLvzrR1FmqXwJN83MZMpFUVM8tguK5V0hvqRXRoI3ZRaQ==","size":24964},"assets/app-ba5c2fb96fbeb4e75e866fc3e2ffcefe.js":{"digest":"ba5c2fb96fbeb4e75e866fc3e2ffcefe","logical_path":"assets/app.js","mtime":63863901140,"sha512":"2iqlpgkZxAhuA3I0JRnJV2FJkpKi4SKn1HMpxlntXHvxAiwpBgPCYyK/fPra8oc703ZQHY1ewLWbk5kRad9u6g==","size":104737},"assets/app-d510070738e4517d6cf45b54e914e6c3.css":{"digest":"d510070738e4517d6cf45b54e914e6c3","logical_path":"assets/app.css","mtime":63863901140,"sha512":"FVVEtaPLezcu+Xy1IxcYYYgYpk+j8XnV69I/3O5t0m5l38iCLzVwt0R6gPRgaxrrH+avtVnmF75ZhXdsGLxtig==","size":52632},"favicon-a8ca4e3a2bb8fea46a9ee9e102e7d3eb.ico":{"digest":"a8ca4e3a2bb8fea46a9ee9e102e7d3eb","logical_path":"favicon.ico","mtime":63863901140,"sha512":"vCKvNNXeSP/2RRr6IN8PVa8/Hl6ImUO7miAOIMABYwbCzlm0UTRsY30uYb1k5gcCOPIsv6nZuFlJj/h8z+InzQ==","size":1258},"images/logo-06a11be1f2cdde2c851763d00bdd2e80.svg":{"digest":"06a11be1f2cdde2c851763d00bdd2e80","logical_path":"images/logo.svg","mtime":63863901140,"sha512":"br80kSftytk0bvrHDIaa0fege4am30EsAlyvlJUXIbIzyKn7vrAoOywROBGX/oveaqGxHfF/qKyhSZ/WYNNO6w==","size":3072},"images/welcome-ac08f8b9312a58f9dbf63dc9c4272179.png":{"digest":"ac08f8b9312a58f9dbf63dc9c4272179","logical_path":"images/welcome.png","mtime":63863901140,"sha512":"D4QLCX0pFAE/tqk7d0ChQ7VQGE5w2ZX9TdcJysytzOFsw6JwfdMteuZAbtiZM/PURXyj7rkAC3qSgWxMe4i7dw==","size":2592293},"robots-9e2c81b0855bbff2baa8371bc4a78186.txt":{"digest":"9e2c81b0855bbff2baa8371bc4a78186","logical_path":"robots.txt","mtime":63863901140,"sha512":"xbItKTfrkHgEWxk3S1qNTCr+mlz5yzeyGC2rcGhs1oKdf4N+D4T/WWt+qBnOnT4gMuKQ+PkgLFffla3w8rPBaQ==","size":203}}
}
