{
  "!comment!":"This file was auto-generated by `mix phx.digest`. Remove it and all generated artefacts with `mix phx.digest.clean --all`",
  "version":1,
  "latest":{"assets/css/app.css":"assets/css/app-e705303a7d26cbf10afb414f82f09b02.css","assets/js/app.js":"assets/js/app-a5968a8f6f542273855c755fce391b17.js","favicon.ico":"favicon-91f37b602a111216f1eef3aa337ad763.ico","images/logo.svg":"images/logo-06a11be1f2cdde2c851763d00bdd2e80.svg","robots.txt":"robots-9e2c81b0855bbff2baa8371bc4a78186.txt"},
  "digests":{"assets/css/app-e705303a7d26cbf10afb414f82f09b02.css":{"size":61500,"sha512":"hHVTXtGC6y1I+j2xxhElRbc0smRv44022R+Zez8s7I7DE2swvGBqEDkghQ0mx7TgSbj1f4HNTQ3H9AmRGJONQA==","digest":"e705303a7d26cbf10afb414f82f09b02","mtime":63923327786,"logical_path":"assets/css/app.css"},"assets/js/app-a5968a8f6f542273855c755fce391b17.js":{"size":132111,"sha512":"gPaDbmkOQ9XR/5UhqxOBSjqft7nk8FeophX6HPHc5ppZrWPG51Ck4r5kVKG7MXvTIHdrvJKh9k4bE6jAdYnnMw==","digest":"a5968a8f6f542273855c755fce391b17","mtime":63923327786,"logical_path":"assets/js/app.js"},"favicon-91f37b602a111216f1eef3aa337ad763.ico":{"size":152,"sha512":"y5D/xgoUOylCdoGRuFAMXTnGS6aTXbeuotEw1nNzgCh2om6kyiGypJ6J7CNUig/e9KDxyJHODNT+FBAnwkfhxg==","digest":"91f37b602a111216f1eef3aa337ad763","mtime":63923327786,"logical_path":"favicon.ico"},"images/logo-06a11be1f2cdde2c851763d00bdd2e80.svg":{"size":3072,"sha512":"br80kSftytk0bvrHDIaa0fege4am30EsAlyvlJUXIbIzyKn7vrAoOywROBGX/oveaqGxHfF/qKyhSZ/WYNNO6w==","digest":"06a11be1f2cdde2c851763d00bdd2e80","mtime":63923327786,"logical_path":"images/logo.svg"},"robots-9e2c81b0855bbff2baa8371bc4a78186.txt":{"size":203,"sha512":"xbItKTfrkHgEWxk3S1qNTCr+mlz5yzeyGC2rcGhs1oKdf4N+D4T/WWt+qBnOnT4gMuKQ+PkgLFffla3w8rPBaQ==","digest":"9e2c81b0855bbff2baa8371bc4a78186","mtime":63923327786,"logical_path":"robots.txt"}}
}
